PA0,PA0
PA1,PA1
PA2,PA2
PA3,PA3
PA4,PA4
PA5,PA5
PA6,PA6
PA7,PA7
PA8,PA8
PA9,PA9
PA10,PA10
PA11,PA11
PA12,PA12
PA13,PA13
PA14,PA14
PA15,PA15
PB0,PB0
PB1,PB1
PB2,PB2
PB3,PB3
PB4,PB4
PB5,PB5
PB6,PB6
PB7,PB7
PB8,PB8
PB9,PB9
PB10,PB10
PB11,PB11
PB12,PB12
PB13,PB13
PB14,PB14
PB15,PB15
PC0,PC0
PC1,PC1
PC2,PC2
PC3,PC3
PC4,PC4
PC5,PC5
PC6,PC6
PC7,PC7
PC8,PC8
PC9,PC9
PC10,PC10
PC11,PC11
PC12,PC12
PC13,PC13
PC14,PC14
PC15,PC15
PD0,PD0
PD1,PD1
PD2,PD2
PD3,PD3
PD4,PD4
PD5,PD5
PD6,PD6
PD7,PD7
PD8,PD8
PD9,PD9
PD10,PD10
PD11,PD11
PD12,PD12
PD13,PD13
PD14,PD14
PD15,PD15
PE0,PE0
PE1,PE1
PE2,PE2
PE3,PE3
PE4,PE4
PE5,PE5
PE6,PE6
PE7,PE7
PE8,PE8
PE9,PE9
PE10,PE10
PE11,PE11
PE12,PE12
PE13,PE13
PE14,PE14
PE15,PE15
DAC1,PA4
DAC2,PA5
RED_LED,PA6
LED_D2,PA6
LED_D3,PA7
USB_VBUS,PA9
USB_ID,PA10
USB_DM,PA11
USB_DP,PA12
OSC32_IN,PC14
OSC32_OUT,PC15
SD_D0,PC8
SD_D1,PC9
SD_D2,PC10
SD_D3,PC11
SD_CK,PC12
SD_CMD,PD2
ETH_MDC,PC1
ETH_MDIO,PA2
ETH_RMII_REF_CLK,PA1
ETH_RMII_CRS_DV,PA7
ETH_RMII_RXD0,PC4
ETH_RMII_RXD1,PC5
ETH_RMII_TX_EN,PB11
ETH_RMII_TXD0,PB12
ETH_RMII_TXD1,PB13
